filename,Qualtrics_ID,Qualtrics_URL,Qualtrics_URL_standard_piece
ap16.png,IM_8kQ5LLzemwhWDrf,https://uvacommscience.eu.qualtrics.com/ControlPanel/Graphic.php?IM=IM_8kQ5LLzemwhWDrf,https://uvacommscience.eu.qualtrics.com/ControlPanel/Graphic.php?IM=
ap17.png,IM_9WWHhWwRu73fe7P,https://uvacommscience.eu.qualtrics.com/ControlPanel/Graphic.php?IM=IM_9WWHhWwRu73fe7P,https://uvacommscience.eu.qualtrics.com/ControlPanel/Graphic.php?IM=
ap18.png,IM_et9KRuk615Z15ad,https://uvacommscience.eu.qualtrics.com/ControlPanel/Graphic.php?IM=IM_et9KRuk615Z15ad,https://uvacommscience.eu.qualtrics.com/ControlPanel/Graphic.php?IM=
ap19.png,IM_eWFfrPh1sqYPpOd,https://uvacommscience.eu.qualtrics.com/ControlPanel/Graphic.php?IM=IM_eWFfrPh1sqYPpOd,https://uvacommscience.eu.qualtrics.com/ControlPanel/Graphic.php?IM=
ap23.png,IM_3lsAJmg6fGXxx1b,https://uvacommscience.eu.qualtrics.com/ControlPanel/Graphic.php?IM=IM_3lsAJmg6fGXxx1b,https://uvacommscience.eu.qualtrics.com/ControlPanel/Graphic.php?IM=
ap24.png,IM_6QcZaKv2LtGe5eJ,https://uvacommscience.eu.qualtrics.com/ControlPanel/Graphic.php?IM=IM_6QcZaKv2LtGe5eJ,https://uvacommscience.eu.qualtrics.com/ControlPanel/Graphic.php?IM=
ap28.png,IM_25bNJs11JB50cT3,https://uvacommscience.eu.qualtrics.com/ControlPanel/Graphic.php?IM=IM_25bNJs11JB50cT3,https://uvacommscience.eu.qualtrics.com/ControlPanel/Graphic.php?IM=
ap29.png,IM_eWnpvoyBj3KVqaF,https://uvacommscience.eu.qualtrics.com/ControlPanel/Graphic.php?IM=IM_eWnpvoyBj3KVqaF,https://uvacommscience.eu.qualtrics.com/ControlPanel/Graphic.php?IM=
ap32.png,IM_8dZBb49PuOCv4Ed,https://uvacommscience.eu.qualtrics.com/ControlPanel/Graphic.php?IM=IM_8dZBb49PuOCv4Ed,https://uvacommscience.eu.qualtrics.com/ControlPanel/Graphic.php?IM=
ap34.png,IM_easqttUUxTUMmC9,https://uvacommscience.eu.qualtrics.com/ControlPanel/Graphic.php?IM=IM_easqttUUxTUMmC9,https://uvacommscience.eu.qualtrics.com/ControlPanel/Graphic.php?IM=
ap35.png,IM_9XJPGj4G9S82USh,https://uvacommscience.eu.qualtrics.com/ControlPanel/Graphic.php?IM=IM_9XJPGj4G9S82USh,https://uvacommscience.eu.qualtrics.com/ControlPanel/Graphic.php?IM=
ap39.png,IM_3UzXYgJnmXN8Nbn,https://uvacommscience.eu.qualtrics.com/ControlPanel/Graphic.php?IM=IM_3UzXYgJnmXN8Nbn,https://uvacommscience.eu.qualtrics.com/ControlPanel/Graphic.php?IM=
ap4.png,IM_4PJDWbzrBifj3NP,https://uvacommscience.eu.qualtrics.com/ControlPanel/Graphic.php?IM=IM_4PJDWbzrBifj3NP,https://uvacommscience.eu.qualtrics.com/ControlPanel/Graphic.php?IM=
ap40.png,IM_7Qk0L5nhE9vZOUR,https://uvacommscience.eu.qualtrics.com/ControlPanel/Graphic.php?IM=IM_7Qk0L5nhE9vZOUR,https://uvacommscience.eu.qualtrics.com/ControlPanel/Graphic.php?IM=
ap41.png,IM_3V3ndiqzafKK6q1,https://uvacommscience.eu.qualtrics.com/ControlPanel/Graphic.php?IM=IM_3V3ndiqzafKK6q1,https://uvacommscience.eu.qualtrics.com/ControlPanel/Graphic.php?IM=
ap44.png,IM_8HRifwzYVwelj4V,https://uvacommscience.eu.qualtrics.com/ControlPanel/Graphic.php?IM=IM_8HRifwzYVwelj4V,https://uvacommscience.eu.qualtrics.com/ControlPanel/Graphic.php?IM=
ap45.png,IM_6Av1x96tOEdu5cp,https://uvacommscience.eu.qualtrics.com/ControlPanel/Graphic.php?IM=IM_6Av1x96tOEdu5cp,https://uvacommscience.eu.qualtrics.com/ControlPanel/Graphic.php?IM=
ap46.png,IM_7WpH0lvcEJWu0Rf,https://uvacommscience.eu.qualtrics.com/ControlPanel/Graphic.php?IM=IM_7WpH0lvcEJWu0Rf,https://uvacommscience.eu.qualtrics.com/ControlPanel/Graphic.php?IM=
ap48.png,IM_0Cbdq8sjPmcAqa1,https://uvacommscience.eu.qualtrics.com/ControlPanel/Graphic.php?IM=IM_0Cbdq8sjPmcAqa1,https://uvacommscience.eu.qualtrics.com/ControlPanel/Graphic.php?IM=
ap49.png,IM_cGbuZ7LY2kAkTPv,https://uvacommscience.eu.qualtrics.com/ControlPanel/Graphic.php?IM=IM_cGbuZ7LY2kAkTPv,https://uvacommscience.eu.qualtrics.com/ControlPanel/Graphic.php?IM=
ap50.png,IM_083O5hba6QYJZzL,https://uvacommscience.eu.qualtrics.com/ControlPanel/Graphic.php?IM=IM_083O5hba6QYJZzL,https://uvacommscience.eu.qualtrics.com/ControlPanel/Graphic.php?IM=
ap52.png,IM_6ygrdPVksYQkzyd,https://uvacommscience.eu.qualtrics.com/ControlPanel/Graphic.php?IM=IM_6ygrdPVksYQkzyd,https://uvacommscience.eu.qualtrics.com/ControlPanel/Graphic.php?IM=
ap53.png,IM_bjRzpBGI2hNF3YV,https://uvacommscience.eu.qualtrics.com/ControlPanel/Graphic.php?IM=IM_bjRzpBGI2hNF3YV,https://uvacommscience.eu.qualtrics.com/ControlPanel/Graphic.php?IM=
ap54.png,IM_1He3xqFkGB8cd37,https://uvacommscience.eu.qualtrics.com/ControlPanel/Graphic.php?IM=IM_1He3xqFkGB8cd37,https://uvacommscience.eu.qualtrics.com/ControlPanel/Graphic.php?IM=
ap60.png,IM_aWvPjj3mcBBZZSB,https://uvacommscience.eu.qualtrics.com/ControlPanel/Graphic.php?IM=IM_aWvPjj3mcBBZZSB,https://uvacommscience.eu.qualtrics.com/ControlPanel/Graphic.php?IM=
ap64.png,IM_3mxPrpmebARdH8N,https://uvacommscience.eu.qualtrics.com/ControlPanel/Graphic.php?IM=IM_3mxPrpmebARdH8N,https://uvacommscience.eu.qualtrics.com/ControlPanel/Graphic.php?IM=
ap65.png,IM_egt7Cn9judq5B6l,https://uvacommscience.eu.qualtrics.com/ControlPanel/Graphic.php?IM=IM_egt7Cn9judq5B6l,https://uvacommscience.eu.qualtrics.com/ControlPanel/Graphic.php?IM=
ap67.png,IM_b7QOjk5l5Omppit,https://uvacommscience.eu.qualtrics.com/ControlPanel/Graphic.php?IM=IM_b7QOjk5l5Omppit,https://uvacommscience.eu.qualtrics.com/ControlPanel/Graphic.php?IM=
ap69.png,IM_8FUabQhrSygfTAp,https://uvacommscience.eu.qualtrics.com/ControlPanel/Graphic.php?IM=IM_8FUabQhrSygfTAp,https://uvacommscience.eu.qualtrics.com/ControlPanel/Graphic.php?IM=
ap71.png,IM_0iFO9tGgvdWZBY1,https://uvacommscience.eu.qualtrics.com/ControlPanel/Graphic.php?IM=IM_0iFO9tGgvdWZBY1,https://uvacommscience.eu.qualtrics.com/ControlPanel/Graphic.php?IM=
ap73.png,IM_3Kx3L18isawfrpP,https://uvacommscience.eu.qualtrics.com/ControlPanel/Graphic.php?IM=IM_3Kx3L18isawfrpP,https://uvacommscience.eu.qualtrics.com/ControlPanel/Graphic.php?IM=
ap77.png,IM_9mLDRI79bSJlTLf,https://uvacommscience.eu.qualtrics.com/ControlPanel/Graphic.php?IM=IM_9mLDRI79bSJlTLf,https://uvacommscience.eu.qualtrics.com/ControlPanel/Graphic.php?IM=
ap79.png,IM_1Tu4OjTOZUaeoWp,https://uvacommscience.eu.qualtrics.com/ControlPanel/Graphic.php?IM=IM_1Tu4OjTOZUaeoWp,https://uvacommscience.eu.qualtrics.com/ControlPanel/Graphic.php?IM=
ap82.png,IM_9GjOf1TP6YOdcDr,https://uvacommscience.eu.qualtrics.com/ControlPanel/Graphic.php?IM=IM_9GjOf1TP6YOdcDr,https://uvacommscience.eu.qualtrics.com/ControlPanel/Graphic.php?IM=
ap83.png,IM_9pfHhd5w8E9dURn,https://uvacommscience.eu.qualtrics.com/ControlPanel/Graphic.php?IM=IM_9pfHhd5w8E9dURn,https://uvacommscience.eu.qualtrics.com/ControlPanel/Graphic.php?IM=
ap84.png,IM_5aRZlr5KQaZ5DRr,https://uvacommscience.eu.qualtrics.com/ControlPanel/Graphic.php?IM=IM_5aRZlr5KQaZ5DRr,https://uvacommscience.eu.qualtrics.com/ControlPanel/Graphic.php?IM=
ap87.png,IM_2ageIgL5ZVAFu7P,https://uvacommscience.eu.qualtrics.com/ControlPanel/Graphic.php?IM=IM_2ageIgL5ZVAFu7P,https://uvacommscience.eu.qualtrics.com/ControlPanel/Graphic.php?IM=
ap89.png,IM_1XtyDjHwNT2HjDf,https://uvacommscience.eu.qualtrics.com/ControlPanel/Graphic.php?IM=IM_1XtyDjHwNT2HjDf,https://uvacommscience.eu.qualtrics.com/ControlPanel/Graphic.php?IM=
ap9.png,IM_38HC6XJVnNXKopD,https://uvacommscience.eu.qualtrics.com/ControlPanel/Graphic.php?IM=IM_38HC6XJVnNXKopD,https://uvacommscience.eu.qualtrics.com/ControlPanel/Graphic.php?IM=
ap92.png,IM_8ixYDGnBBpHaPOd,https://uvacommscience.eu.qualtrics.com/ControlPanel/Graphic.php?IM=IM_8ixYDGnBBpHaPOd,https://uvacommscience.eu.qualtrics.com/ControlPanel/Graphic.php?IM=
as1.png,IM_3dQTqqi3p5II7hX,https://uvacommscience.eu.qualtrics.com/ControlPanel/Graphic.php?IM=IM_3dQTqqi3p5II7hX,https://uvacommscience.eu.qualtrics.com/ControlPanel/Graphic.php?IM=
as10.png,IM_eFALt7BLjYiXGCh,https://uvacommscience.eu.qualtrics.com/ControlPanel/Graphic.php?IM=IM_eFALt7BLjYiXGCh,https://uvacommscience.eu.qualtrics.com/ControlPanel/Graphic.php?IM=
as11.png,IM_5jAmhzpQjTIQ2sB,https://uvacommscience.eu.qualtrics.com/ControlPanel/Graphic.php?IM=IM_5jAmhzpQjTIQ2sB,https://uvacommscience.eu.qualtrics.com/ControlPanel/Graphic.php?IM=
as14.png,IM_3f0mC0gh42lTyn3,https://uvacommscience.eu.qualtrics.com/ControlPanel/Graphic.php?IM=IM_3f0mC0gh42lTyn3,https://uvacommscience.eu.qualtrics.com/ControlPanel/Graphic.php?IM=
as15.png,IM_0lkfoOSVOYSqJ93,https://uvacommscience.eu.qualtrics.com/ControlPanel/Graphic.php?IM=IM_0lkfoOSVOYSqJ93,https://uvacommscience.eu.qualtrics.com/ControlPanel/Graphic.php?IM=
as16.png,IM_2agXIlarxsoyrVb,https://uvacommscience.eu.qualtrics.com/ControlPanel/Graphic.php?IM=IM_2agXIlarxsoyrVb,https://uvacommscience.eu.qualtrics.com/ControlPanel/Graphic.php?IM=
as18.png,IM_3IwoM3AbOtyqkwR,https://uvacommscience.eu.qualtrics.com/ControlPanel/Graphic.php?IM=IM_3IwoM3AbOtyqkwR,https://uvacommscience.eu.qualtrics.com/ControlPanel/Graphic.php?IM=
as19.png,IM_6xnIuDtmp5CeyAB,https://uvacommscience.eu.qualtrics.com/ControlPanel/Graphic.php?IM=IM_6xnIuDtmp5CeyAB,https://uvacommscience.eu.qualtrics.com/ControlPanel/Graphic.php?IM=
as2.png,IM_enXhyWOgDjgbDhP,https://uvacommscience.eu.qualtrics.com/ControlPanel/Graphic.php?IM=IM_enXhyWOgDjgbDhP,https://uvacommscience.eu.qualtrics.com/ControlPanel/Graphic.php?IM=
as21.png,IM_026sjW3qnMpWY29,https://uvacommscience.eu.qualtrics.com/ControlPanel/Graphic.php?IM=IM_026sjW3qnMpWY29,https://uvacommscience.eu.qualtrics.com/ControlPanel/Graphic.php?IM=
as22.png,IM_42fTs2ahXod1ItT,https://uvacommscience.eu.qualtrics.com/ControlPanel/Graphic.php?IM=IM_42fTs2ahXod1ItT,https://uvacommscience.eu.qualtrics.com/ControlPanel/Graphic.php?IM=
as23.png,IM_8G07bDF8UxTLNCB,https://uvacommscience.eu.qualtrics.com/ControlPanel/Graphic.php?IM=IM_8G07bDF8UxTLNCB,https://uvacommscience.eu.qualtrics.com/ControlPanel/Graphic.php?IM=
as25.png,IM_6hAR0v4r26nY3xr,https://uvacommscience.eu.qualtrics.com/ControlPanel/Graphic.php?IM=IM_6hAR0v4r26nY3xr,https://uvacommscience.eu.qualtrics.com/ControlPanel/Graphic.php?IM=
as27.png,IM_9sEMeWOWxOV8XQx,https://uvacommscience.eu.qualtrics.com/ControlPanel/Graphic.php?IM=IM_9sEMeWOWxOV8XQx,https://uvacommscience.eu.qualtrics.com/ControlPanel/Graphic.php?IM=
as28.png,IM_0iY1NCqkFf5gTc1,https://uvacommscience.eu.qualtrics.com/ControlPanel/Graphic.php?IM=IM_0iY1NCqkFf5gTc1,https://uvacommscience.eu.qualtrics.com/ControlPanel/Graphic.php?IM=
as29.png,IM_7USD6p1am7r2cHr,https://uvacommscience.eu.qualtrics.com/ControlPanel/Graphic.php?IM=IM_7USD6p1am7r2cHr,https://uvacommscience.eu.qualtrics.com/ControlPanel/Graphic.php?IM=
as3.png,IM_78xyKx0rfIMOE8R,https://uvacommscience.eu.qualtrics.com/ControlPanel/Graphic.php?IM=IM_78xyKx0rfIMOE8R,https://uvacommscience.eu.qualtrics.com/ControlPanel/Graphic.php?IM=
as30.png,IM_3sEXTYRHHlo0FxP,https://uvacommscience.eu.qualtrics.com/ControlPanel/Graphic.php?IM=IM_3sEXTYRHHlo0FxP,https://uvacommscience.eu.qualtrics.com/ControlPanel/Graphic.php?IM=
as34.png,IM_787A4j6cvPlAIzX,https://uvacommscience.eu.qualtrics.com/ControlPanel/Graphic.php?IM=IM_787A4j6cvPlAIzX,https://uvacommscience.eu.qualtrics.com/ControlPanel/Graphic.php?IM=
as37.png,IM_eA1I4BcjElfVhf7,https://uvacommscience.eu.qualtrics.com/ControlPanel/Graphic.php?IM=IM_eA1I4BcjElfVhf7,https://uvacommscience.eu.qualtrics.com/ControlPanel/Graphic.php?IM=
as38.png,IM_ehOyriRZwxUGg8R,https://uvacommscience.eu.qualtrics.com/ControlPanel/Graphic.php?IM=IM_ehOyriRZwxUGg8R,https://uvacommscience.eu.qualtrics.com/ControlPanel/Graphic.php?IM=
as4.png,IM_3W4QsTxlBn4YodL,https://uvacommscience.eu.qualtrics.com/ControlPanel/Graphic.php?IM=IM_3W4QsTxlBn4YodL,https://uvacommscience.eu.qualtrics.com/ControlPanel/Graphic.php?IM=
as43.png,IM_9BqKko0p70HZPpj,https://uvacommscience.eu.qualtrics.com/ControlPanel/Graphic.php?IM=IM_9BqKko0p70HZPpj,https://uvacommscience.eu.qualtrics.com/ControlPanel/Graphic.php?IM=
as44.png,IM_6Auf1i5XFDdscwR,https://uvacommscience.eu.qualtrics.com/ControlPanel/Graphic.php?IM=IM_6Auf1i5XFDdscwR,https://uvacommscience.eu.qualtrics.com/ControlPanel/Graphic.php?IM=
as45.png,IM_a5HHlg89FiC9vIV,https://uvacommscience.eu.qualtrics.com/ControlPanel/Graphic.php?IM=IM_a5HHlg89FiC9vIV,https://uvacommscience.eu.qualtrics.com/ControlPanel/Graphic.php?IM=
as46.png,IM_bC05y8PG0TBUFUh,https://uvacommscience.eu.qualtrics.com/ControlPanel/Graphic.php?IM=IM_bC05y8PG0TBUFUh,https://uvacommscience.eu.qualtrics.com/ControlPanel/Graphic.php?IM=
as47.png,IM_6DMiECluyDKm3Wd,https://uvacommscience.eu.qualtrics.com/ControlPanel/Graphic.php?IM=IM_6DMiECluyDKm3Wd,https://uvacommscience.eu.qualtrics.com/ControlPanel/Graphic.php?IM=
as48.png,IM_0GtfNIR3QsSuZvf,https://uvacommscience.eu.qualtrics.com/ControlPanel/Graphic.php?IM=IM_0GtfNIR3QsSuZvf,https://uvacommscience.eu.qualtrics.com/ControlPanel/Graphic.php?IM=
as49.png,IM_09AJkH3365lwTXv,https://uvacommscience.eu.qualtrics.com/ControlPanel/Graphic.php?IM=IM_09AJkH3365lwTXv,https://uvacommscience.eu.qualtrics.com/ControlPanel/Graphic.php?IM=
as5.png,IM_6m7yjzYpby4YvBz,https://uvacommscience.eu.qualtrics.com/ControlPanel/Graphic.php?IM=IM_6m7yjzYpby4YvBz,https://uvacommscience.eu.qualtrics.com/ControlPanel/Graphic.php?IM=
as52.png,IM_0kp4kYcBfCTPk5n,https://uvacommscience.eu.qualtrics.com/ControlPanel/Graphic.php?IM=IM_0kp4kYcBfCTPk5n,https://uvacommscience.eu.qualtrics.com/ControlPanel/Graphic.php?IM=
as53.png,IM_damwNldwLLYfcLX,https://uvacommscience.eu.qualtrics.com/ControlPanel/Graphic.php?IM=IM_damwNldwLLYfcLX,https://uvacommscience.eu.qualtrics.com/ControlPanel/Graphic.php?IM=
as54.png,IM_8II93aKKNLbRXeZ,https://uvacommscience.eu.qualtrics.com/ControlPanel/Graphic.php?IM=IM_8II93aKKNLbRXeZ,https://uvacommscience.eu.qualtrics.com/ControlPanel/Graphic.php?IM=
as55.png,IM_esdi0WdSQtbAhIp,https://uvacommscience.eu.qualtrics.com/ControlPanel/Graphic.php?IM=IM_esdi0WdSQtbAhIp,https://uvacommscience.eu.qualtrics.com/ControlPanel/Graphic.php?IM=
as56.png,IM_0la4ZWgHnXoPMH3,https://uvacommscience.eu.qualtrics.com/ControlPanel/Graphic.php?IM=IM_0la4ZWgHnXoPMH3,https://uvacommscience.eu.qualtrics.com/ControlPanel/Graphic.php?IM=
as58.png,IM_3xjbgChu2hTee5D,https://uvacommscience.eu.qualtrics.com/ControlPanel/Graphic.php?IM=IM_3xjbgChu2hTee5D,https://uvacommscience.eu.qualtrics.com/ControlPanel/Graphic.php?IM=
as59.png,IM_0lfXaWu8Vxv28QZ,https://uvacommscience.eu.qualtrics.com/ControlPanel/Graphic.php?IM=IM_0lfXaWu8Vxv28QZ,https://uvacommscience.eu.qualtrics.com/ControlPanel/Graphic.php?IM=
as6.png,IM_0elY1RZBUyp6fpb,https://uvacommscience.eu.qualtrics.com/ControlPanel/Graphic.php?IM=IM_0elY1RZBUyp6fpb,https://uvacommscience.eu.qualtrics.com/ControlPanel/Graphic.php?IM=
as8.png,IM_4YZOraohDhRgn6R,https://uvacommscience.eu.qualtrics.com/ControlPanel/Graphic.php?IM=IM_4YZOraohDhRgn6R,https://uvacommscience.eu.qualtrics.com/ControlPanel/Graphic.php?IM=
as9.png,IM_7XaqipvXTlvN1wF,https://uvacommscience.eu.qualtrics.com/ControlPanel/Graphic.php?IM=IM_7XaqipvXTlvN1wF,https://uvacommscience.eu.qualtrics.com/ControlPanel/Graphic.php?IM=
ps1.png,IM_2l9c3ABmmgneAwB,https://uvacommscience.eu.qualtrics.com/ControlPanel/Graphic.php?IM=IM_2l9c3ABmmgneAwB,https://uvacommscience.eu.qualtrics.com/ControlPanel/Graphic.php?IM=
ps14.png,IM_9BUEALyCkPqyOwZ,https://uvacommscience.eu.qualtrics.com/ControlPanel/Graphic.php?IM=IM_9BUEALyCkPqyOwZ,https://uvacommscience.eu.qualtrics.com/ControlPanel/Graphic.php?IM=
ps15.png,IM_1zVPoHbyW5Io9F3,https://uvacommscience.eu.qualtrics.com/ControlPanel/Graphic.php?IM=IM_1zVPoHbyW5Io9F3,https://uvacommscience.eu.qualtrics.com/ControlPanel/Graphic.php?IM=
ps16.png,IM_3mxP9Tj1WFOPdT7,https://uvacommscience.eu.qualtrics.com/ControlPanel/Graphic.php?IM=IM_3mxP9Tj1WFOPdT7,https://uvacommscience.eu.qualtrics.com/ControlPanel/Graphic.php?IM=
ps17.png,IM_8CkO6wlwKZ659UF,https://uvacommscience.eu.qualtrics.com/ControlPanel/Graphic.php?IM=IM_8CkO6wlwKZ659UF,https://uvacommscience.eu.qualtrics.com/ControlPanel/Graphic.php?IM=
ps18.png,IM_djmtqepIqb0UXjf,https://uvacommscience.eu.qualtrics.com/ControlPanel/Graphic.php?IM=IM_djmtqepIqb0UXjf,https://uvacommscience.eu.qualtrics.com/ControlPanel/Graphic.php?IM=
ps19.png,IM_0HyBOoa5aOi3u2V,https://uvacommscience.eu.qualtrics.com/ControlPanel/Graphic.php?IM=IM_0HyBOoa5aOi3u2V,https://uvacommscience.eu.qualtrics.com/ControlPanel/Graphic.php?IM=
ps20.png,IM_6lfX3vx87lnohbT,https://uvacommscience.eu.qualtrics.com/ControlPanel/Graphic.php?IM=IM_6lfX3vx87lnohbT,https://uvacommscience.eu.qualtrics.com/ControlPanel/Graphic.php?IM=
ps21.png,IM_eVtuzsruwzyCNrn,https://uvacommscience.eu.qualtrics.com/ControlPanel/Graphic.php?IM=IM_eVtuzsruwzyCNrn,https://uvacommscience.eu.qualtrics.com/ControlPanel/Graphic.php?IM=
ps22.png,IM_0lIRsSyYfZ8mr6B,https://uvacommscience.eu.qualtrics.com/ControlPanel/Graphic.php?IM=IM_0lIRsSyYfZ8mr6B,https://uvacommscience.eu.qualtrics.com/ControlPanel/Graphic.php?IM=
ps23.png,IM_8leW29igg6bwMlL,https://uvacommscience.eu.qualtrics.com/ControlPanel/Graphic.php?IM=IM_8leW29igg6bwMlL,https://uvacommscience.eu.qualtrics.com/ControlPanel/Graphic.php?IM=
ps24.png,IM_6L0dsGnz7FvKbtz,https://uvacommscience.eu.qualtrics.com/ControlPanel/Graphic.php?IM=IM_6L0dsGnz7FvKbtz,https://uvacommscience.eu.qualtrics.com/ControlPanel/Graphic.php?IM=
ps25.png,IM_8eMqistnjM9Osu1,https://uvacommscience.eu.qualtrics.com/ControlPanel/Graphic.php?IM=IM_8eMqistnjM9Osu1,https://uvacommscience.eu.qualtrics.com/ControlPanel/Graphic.php?IM=
ps26.png,IM_eyP3DOWqynJDqm1,https://uvacommscience.eu.qualtrics.com/ControlPanel/Graphic.php?IM=IM_eyP3DOWqynJDqm1,https://uvacommscience.eu.qualtrics.com/ControlPanel/Graphic.php?IM=
ps27.png,IM_5v87QDs49iP65k9,https://uvacommscience.eu.qualtrics.com/ControlPanel/Graphic.php?IM=IM_5v87QDs49iP65k9,https://uvacommscience.eu.qualtrics.com/ControlPanel/Graphic.php?IM=
ps28.png,IM_9XDam8fHzmbisst,https://uvacommscience.eu.qualtrics.com/ControlPanel/Graphic.php?IM=IM_9XDam8fHzmbisst,https://uvacommscience.eu.qualtrics.com/ControlPanel/Graphic.php?IM=
ps29.png,IM_ebM1SKthFhEt0Mt,https://uvacommscience.eu.qualtrics.com/ControlPanel/Graphic.php?IM=IM_ebM1SKthFhEt0Mt,https://uvacommscience.eu.qualtrics.com/ControlPanel/Graphic.php?IM=
ps30.png,IM_77c8sfbtsq0tRQN,https://uvacommscience.eu.qualtrics.com/ControlPanel/Graphic.php?IM=IM_77c8sfbtsq0tRQN,https://uvacommscience.eu.qualtrics.com/ControlPanel/Graphic.php?IM=
ps32.png,IM_0dHI20ma6kFECkR,https://uvacommscience.eu.qualtrics.com/ControlPanel/Graphic.php?IM=IM_0dHI20ma6kFECkR,https://uvacommscience.eu.qualtrics.com/ControlPanel/Graphic.php?IM=
ps33.png,IM_3DxDRCCzJb1TFLT,https://uvacommscience.eu.qualtrics.com/ControlPanel/Graphic.php?IM=IM_3DxDRCCzJb1TFLT,https://uvacommscience.eu.qualtrics.com/ControlPanel/Graphic.php?IM=
ps34.png,IM_00N81Ppfz6vsFjD,https://uvacommscience.eu.qualtrics.com/ControlPanel/Graphic.php?IM=IM_00N81Ppfz6vsFjD,https://uvacommscience.eu.qualtrics.com/ControlPanel/Graphic.php?IM=
ps35.png,IM_cumgNixzjKnVuT3,https://uvacommscience.eu.qualtrics.com/ControlPanel/Graphic.php?IM=IM_cumgNixzjKnVuT3,https://uvacommscience.eu.qualtrics.com/ControlPanel/Graphic.php?IM=
ps37.png,IM_cD6BHS144Y0aFcV,https://uvacommscience.eu.qualtrics.com/ControlPanel/Graphic.php?IM=IM_cD6BHS144Y0aFcV,https://uvacommscience.eu.qualtrics.com/ControlPanel/Graphic.php?IM=
ps40.png,IM_3eCW395SyNSz2lL,https://uvacommscience.eu.qualtrics.com/ControlPanel/Graphic.php?IM=IM_3eCW395SyNSz2lL,https://uvacommscience.eu.qualtrics.com/ControlPanel/Graphic.php?IM=
ps41.png,IM_6DOeLs67RKOyvCR,https://uvacommscience.eu.qualtrics.com/ControlPanel/Graphic.php?IM=IM_6DOeLs67RKOyvCR,https://uvacommscience.eu.qualtrics.com/ControlPanel/Graphic.php?IM=
ps42.png,IM_2tLYYpcQgrFJfJb,https://uvacommscience.eu.qualtrics.com/ControlPanel/Graphic.php?IM=IM_2tLYYpcQgrFJfJb,https://uvacommscience.eu.qualtrics.com/ControlPanel/Graphic.php?IM=
ps43.png,IM_cXP1FT4zG5F2Xhb,https://uvacommscience.eu.qualtrics.com/ControlPanel/Graphic.php?IM=IM_cXP1FT4zG5F2Xhb,https://uvacommscience.eu.qualtrics.com/ControlPanel/Graphic.php?IM=
ps47.png,IM_85EJukUkz4AbjHn,https://uvacommscience.eu.qualtrics.com/ControlPanel/Graphic.php?IM=IM_85EJukUkz4AbjHn,https://uvacommscience.eu.qualtrics.com/ControlPanel/Graphic.php?IM=
ps48.png,IM_b9MDSBGVM7cR6pn,https://uvacommscience.eu.qualtrics.com/ControlPanel/Graphic.php?IM=IM_b9MDSBGVM7cR6pn,https://uvacommscience.eu.qualtrics.com/ControlPanel/Graphic.php?IM=
ps49.png,IM_ctJ3lMXPKnkqNzD,https://uvacommscience.eu.qualtrics.com/ControlPanel/Graphic.php?IM=IM_ctJ3lMXPKnkqNzD,https://uvacommscience.eu.qualtrics.com/ControlPanel/Graphic.php?IM=
ps50.png,IM_dnj59UjIQb6tL0x,https://uvacommscience.eu.qualtrics.com/ControlPanel/Graphic.php?IM=IM_dnj59UjIQb6tL0x,https://uvacommscience.eu.qualtrics.com/ControlPanel/Graphic.php?IM=
ps51.png,IM_cZnH9kDe1dqLNml,https://uvacommscience.eu.qualtrics.com/ControlPanel/Graphic.php?IM=IM_cZnH9kDe1dqLNml,https://uvacommscience.eu.qualtrics.com/ControlPanel/Graphic.php?IM=
ps52.png,IM_aVSEYrPJgRMyGah,https://uvacommscience.eu.qualtrics.com/ControlPanel/Graphic.php?IM=IM_aVSEYrPJgRMyGah,https://uvacommscience.eu.qualtrics.com/ControlPanel/Graphic.php?IM=
ps53.png,IM_6Wq18bPL4mpstkV,https://uvacommscience.eu.qualtrics.com/ControlPanel/Graphic.php?IM=IM_6Wq18bPL4mpstkV,https://uvacommscience.eu.qualtrics.com/ControlPanel/Graphic.php?IM=
ps54.png,IM_2rZyhK8MOmoqRjn,https://uvacommscience.eu.qualtrics.com/ControlPanel/Graphic.php?IM=IM_2rZyhK8MOmoqRjn,https://uvacommscience.eu.qualtrics.com/ControlPanel/Graphic.php?IM=
ps55.png,IM_6nfHmyDVsypbauh,https://uvacommscience.eu.qualtrics.com/ControlPanel/Graphic.php?IM=IM_6nfHmyDVsypbauh,https://uvacommscience.eu.qualtrics.com/ControlPanel/Graphic.php?IM=
ps56.png,IM_0olSyJG0iFxlb01,https://uvacommscience.eu.qualtrics.com/ControlPanel/Graphic.php?IM=IM_0olSyJG0iFxlb01,https://uvacommscience.eu.qualtrics.com/ControlPanel/Graphic.php?IM=
ps57.png,IM_6EF62c5mDvEuRnv,https://uvacommscience.eu.qualtrics.com/ControlPanel/Graphic.php?IM=IM_6EF62c5mDvEuRnv,https://uvacommscience.eu.qualtrics.com/ControlPanel/Graphic.php?IM=
ps58.png,IM_0DRv3U2Qv9H6fiZ,https://uvacommscience.eu.qualtrics.com/ControlPanel/Graphic.php?IM=IM_0DRv3U2Qv9H6fiZ,https://uvacommscience.eu.qualtrics.com/ControlPanel/Graphic.php?IM=
ps7.png,IM_74lF88QcPKF2Bwx,https://uvacommscience.eu.qualtrics.com/ControlPanel/Graphic.php?IM=IM_74lF88QcPKF2Bwx,https://uvacommscience.eu.qualtrics.com/ControlPanel/Graphic.php?IM=
pp12.png,IM_7VUaUOjnL0ikl7L,https://uvacommscience.eu.qualtrics.com/ControlPanel/Graphic.php?IM=IM_7VUaUOjnL0ikl7L,https://uvacommscience.eu.qualtrics.com/ControlPanel/Graphic.php?IM=
pp13.png,IM_3FeuE9L2ONbunuR,https://uvacommscience.eu.qualtrics.com/ControlPanel/Graphic.php?IM=IM_3FeuE9L2ONbunuR,https://uvacommscience.eu.qualtrics.com/ControlPanel/Graphic.php?IM=
pp14.png,IM_bjEbypr4nirYZrD,https://uvacommscience.eu.qualtrics.com/ControlPanel/Graphic.php?IM=IM_bjEbypr4nirYZrD,https://uvacommscience.eu.qualtrics.com/ControlPanel/Graphic.php?IM=
pp15.png,IM_eRlUFDHSjxtFZsh,https://uvacommscience.eu.qualtrics.com/ControlPanel/Graphic.php?IM=IM_eRlUFDHSjxtFZsh,https://uvacommscience.eu.qualtrics.com/ControlPanel/Graphic.php?IM=
pp16.png,IM_5mUKze8iWb1Vnpz,https://uvacommscience.eu.qualtrics.com/ControlPanel/Graphic.php?IM=IM_5mUKze8iWb1Vnpz,https://uvacommscience.eu.qualtrics.com/ControlPanel/Graphic.php?IM=
pp17.png,IM_dbeGwzzX83IbNzL,https://uvacommscience.eu.qualtrics.com/ControlPanel/Graphic.php?IM=IM_dbeGwzzX83IbNzL,https://uvacommscience.eu.qualtrics.com/ControlPanel/Graphic.php?IM=
pp18.png,IM_0BBPRF354tQvMRT,https://uvacommscience.eu.qualtrics.com/ControlPanel/Graphic.php?IM=IM_0BBPRF354tQvMRT,https://uvacommscience.eu.qualtrics.com/ControlPanel/Graphic.php?IM=
pp20.png,IM_789bx8TNSLdJTaB,https://uvacommscience.eu.qualtrics.com/ControlPanel/Graphic.php?IM=IM_789bx8TNSLdJTaB,https://uvacommscience.eu.qualtrics.com/ControlPanel/Graphic.php?IM=
pp22.png,IM_eDkEDF8JcWPdCT3,https://uvacommscience.eu.qualtrics.com/ControlPanel/Graphic.php?IM=IM_eDkEDF8JcWPdCT3,https://uvacommscience.eu.qualtrics.com/ControlPanel/Graphic.php?IM=
pp23.png,IM_eVfA2rwFbAiYo6x,https://uvacommscience.eu.qualtrics.com/ControlPanel/Graphic.php?IM=IM_eVfA2rwFbAiYo6x,https://uvacommscience.eu.qualtrics.com/ControlPanel/Graphic.php?IM=
pp24.png,IM_9HVxwtnJ7PvItcF,https://uvacommscience.eu.qualtrics.com/ControlPanel/Graphic.php?IM=IM_9HVxwtnJ7PvItcF,https://uvacommscience.eu.qualtrics.com/ControlPanel/Graphic.php?IM=
pp25.png,IM_6Pga2nhqPiCpR09,https://uvacommscience.eu.qualtrics.com/ControlPanel/Graphic.php?IM=IM_6Pga2nhqPiCpR09,https://uvacommscience.eu.qualtrics.com/ControlPanel/Graphic.php?IM=
pp26.png,IM_2nu11dW9S6HavbL,https://uvacommscience.eu.qualtrics.com/ControlPanel/Graphic.php?IM=IM_2nu11dW9S6HavbL,https://uvacommscience.eu.qualtrics.com/ControlPanel/Graphic.php?IM=
pp27.png,IM_8ICBhceyc9SP90F,https://uvacommscience.eu.qualtrics.com/ControlPanel/Graphic.php?IM=IM_8ICBhceyc9SP90F,https://uvacommscience.eu.qualtrics.com/ControlPanel/Graphic.php?IM=
pp28.png,IM_3lRu4z0i1p8MZg1,https://uvacommscience.eu.qualtrics.com/ControlPanel/Graphic.php?IM=IM_3lRu4z0i1p8MZg1,https://uvacommscience.eu.qualtrics.com/ControlPanel/Graphic.php?IM=
pp31.png,IM_b8FykvmC58HW0QZ,https://uvacommscience.eu.qualtrics.com/ControlPanel/Graphic.php?IM=IM_b8FykvmC58HW0QZ,https://uvacommscience.eu.qualtrics.com/ControlPanel/Graphic.php?IM=
pp32.png,IM_5pRvnNe4lI0MgPr,https://uvacommscience.eu.qualtrics.com/ControlPanel/Graphic.php?IM=IM_5pRvnNe4lI0MgPr,https://uvacommscience.eu.qualtrics.com/ControlPanel/Graphic.php?IM=
pp37.png,IM_3qo2EhEZBDHB4Pz,https://uvacommscience.eu.qualtrics.com/ControlPanel/Graphic.php?IM=IM_3qo2EhEZBDHB4Pz,https://uvacommscience.eu.qualtrics.com/ControlPanel/Graphic.php?IM=
pp38.png,IM_8poV7jE6FPLqHyd,https://uvacommscience.eu.qualtrics.com/ControlPanel/Graphic.php?IM=IM_8poV7jE6FPLqHyd,https://uvacommscience.eu.qualtrics.com/ControlPanel/Graphic.php?IM=
pp39.png,IM_0UodM511ARenWx7,https://uvacommscience.eu.qualtrics.com/ControlPanel/Graphic.php?IM=IM_0UodM511ARenWx7,https://uvacommscience.eu.qualtrics.com/ControlPanel/Graphic.php?IM=
pp40.png,IM_2owAehq5awtRZ7D,https://uvacommscience.eu.qualtrics.com/ControlPanel/Graphic.php?IM=IM_2owAehq5awtRZ7D,https://uvacommscience.eu.qualtrics.com/ControlPanel/Graphic.php?IM=
pp41.png,IM_cvydJwIr6Xmg5P7,https://uvacommscience.eu.qualtrics.com/ControlPanel/Graphic.php?IM=IM_cvydJwIr6Xmg5P7,https://uvacommscience.eu.qualtrics.com/ControlPanel/Graphic.php?IM=
pp42.png,IM_0ePuD9WUwDIZQSp,https://uvacommscience.eu.qualtrics.com/ControlPanel/Graphic.php?IM=IM_0ePuD9WUwDIZQSp,https://uvacommscience.eu.qualtrics.com/ControlPanel/Graphic.php?IM=
pp43.png,IM_40aZs2NFl54A9U1,https://uvacommscience.eu.qualtrics.com/ControlPanel/Graphic.php?IM=IM_40aZs2NFl54A9U1,https://uvacommscience.eu.qualtrics.com/ControlPanel/Graphic.php?IM=
pp44.png,IM_4I2jmcuINdBRPk9,https://uvacommscience.eu.qualtrics.com/ControlPanel/Graphic.php?IM=IM_4I2jmcuINdBRPk9,https://uvacommscience.eu.qualtrics.com/ControlPanel/Graphic.php?IM=
pp45.png,IM_cTFAwvk8VSOo1W5,https://uvacommscience.eu.qualtrics.com/ControlPanel/Graphic.php?IM=IM_cTFAwvk8VSOo1W5,https://uvacommscience.eu.qualtrics.com/ControlPanel/Graphic.php?IM=
pp46.png,IM_77gHTrmfqP3MNEN,https://uvacommscience.eu.qualtrics.com/ControlPanel/Graphic.php?IM=IM_77gHTrmfqP3MNEN,https://uvacommscience.eu.qualtrics.com/ControlPanel/Graphic.php?IM=
pp47.png,IM_6lgWVxjY6cXnlrv,https://uvacommscience.eu.qualtrics.com/ControlPanel/Graphic.php?IM=IM_6lgWVxjY6cXnlrv,https://uvacommscience.eu.qualtrics.com/ControlPanel/Graphic.php?IM=
pp48.png,IM_6G0sUE8asOmL5lz,https://uvacommscience.eu.qualtrics.com/ControlPanel/Graphic.php?IM=IM_6G0sUE8asOmL5lz,https://uvacommscience.eu.qualtrics.com/ControlPanel/Graphic.php?IM=
pp5.png,IM_741gljwFzr52ZN3,https://uvacommscience.eu.qualtrics.com/ControlPanel/Graphic.php?IM=IM_741gljwFzr52ZN3,https://uvacommscience.eu.qualtrics.com/ControlPanel/Graphic.php?IM=
pp51.png,IM_eIGr9bwXKHuNzTv,https://uvacommscience.eu.qualtrics.com/ControlPanel/Graphic.php?IM=IM_eIGr9bwXKHuNzTv,https://uvacommscience.eu.qualtrics.com/ControlPanel/Graphic.php?IM=
pp53.png,IM_1HsUTBq3dXrwTgF,https://uvacommscience.eu.qualtrics.com/ControlPanel/Graphic.php?IM=IM_1HsUTBq3dXrwTgF,https://uvacommscience.eu.qualtrics.com/ControlPanel/Graphic.php?IM=
pp54.png,IM_eWcX1WDFTEbEegJ,https://uvacommscience.eu.qualtrics.com/ControlPanel/Graphic.php?IM=IM_eWcX1WDFTEbEegJ,https://uvacommscience.eu.qualtrics.com/ControlPanel/Graphic.php?IM=
pp55.png,IM_4ZXNONXbKuctGxT,https://uvacommscience.eu.qualtrics.com/ControlPanel/Graphic.php?IM=IM_4ZXNONXbKuctGxT,https://uvacommscience.eu.qualtrics.com/ControlPanel/Graphic.php?IM=
pp57.png,IM_etjrfKBEbU8u3U9,https://uvacommscience.eu.qualtrics.com/ControlPanel/Graphic.php?IM=IM_etjrfKBEbU8u3U9,https://uvacommscience.eu.qualtrics.com/ControlPanel/Graphic.php?IM=
pp58.png,IM_5oTBPBfAZtAkPsx,https://uvacommscience.eu.qualtrics.com/ControlPanel/Graphic.php?IM=IM_5oTBPBfAZtAkPsx,https://uvacommscience.eu.qualtrics.com/ControlPanel/Graphic.php?IM=
pp59.png,IM_cMTYM93ERM5YBYF,https://uvacommscience.eu.qualtrics.com/ControlPanel/Graphic.php?IM=IM_cMTYM93ERM5YBYF,https://uvacommscience.eu.qualtrics.com/ControlPanel/Graphic.php?IM=
pp60.png,IM_3rg117VMpJDpmq9,https://uvacommscience.eu.qualtrics.com/ControlPanel/Graphic.php?IM=IM_3rg117VMpJDpmq9,https://uvacommscience.eu.qualtrics.com/ControlPanel/Graphic.php?IM=
pp61.png,IM_4SHVOVdNptZO6mF,https://uvacommscience.eu.qualtrics.com/ControlPanel/Graphic.php?IM=IM_4SHVOVdNptZO6mF,https://uvacommscience.eu.qualtrics.com/ControlPanel/Graphic.php?IM=
pp62.png,IM_2fVHeZHwjwK9E45,https://uvacommscience.eu.qualtrics.com/ControlPanel/Graphic.php?IM=IM_2fVHeZHwjwK9E45,https://uvacommscience.eu.qualtrics.com/ControlPanel/Graphic.php?IM=