QualtricsURL,filename,Qualtrics_NonAlc_Block
https://uvacommscience.eu.qualtrics.com/ControlPanel/Graphic.php?IM=IM_elmz6FGuyCRezZA,npp54.png,1
https://uvacommscience.eu.qualtrics.com/ControlPanel/Graphic.php?IM=IM_0iXJQBjD7U42Msu,nps43.png,1
https://uvacommscience.eu.qualtrics.com/ControlPanel/Graphic.php?IM=IM_064iUghfAqXj9eS,npp16.png,1
https://uvacommscience.eu.qualtrics.com/ControlPanel/Graphic.php?IM=IM_8fe602K73ni9xGK,nps47.png,1
https://uvacommscience.eu.qualtrics.com/ControlPanel/Graphic.php?IM=IM_819jVTFYQ8XvkRU,npp41.png,1
https://uvacommscience.eu.qualtrics.com/ControlPanel/Graphic.php?IM=IM_1TytCmAAPF7xZpc,nps59.png,1
https://uvacommscience.eu.qualtrics.com/ControlPanel/Graphic.php?IM=IM_9NVj8gLMxx4m7hI,nps48.png,1
https://uvacommscience.eu.qualtrics.com/ControlPanel/Graphic.php?IM=IM_9poHe74fNKgu246,nps35.png,1
https://uvacommscience.eu.qualtrics.com/ControlPanel/Graphic.php?IM=IM_efii8QXK9p2DsYm,npp34.png,1
https://uvacommscience.eu.qualtrics.com/ControlPanel/Graphic.php?IM=IM_3FaJydk59V1Dim2,nps37.png,1
https://uvacommscience.eu.qualtrics.com/ControlPanel/Graphic.php?IM=IM_eD8Vf5YY68f4shU,nps38.png,1
https://uvacommscience.eu.qualtrics.com/ControlPanel/Graphic.php?IM=IM_7PYU9U1bHmPOI9o,npp65.png,1
https://uvacommscience.eu.qualtrics.com/ControlPanel/Graphic.php?IM=IM_9QxHvW43wd3ODci,nps42.png,1
https://uvacommscience.eu.qualtrics.com/ControlPanel/Graphic.php?IM=IM_brvN360dM5kuhM2,nps29.png,1
https://uvacommscience.eu.qualtrics.com/ControlPanel/Graphic.php?IM=IM_eFAqupMWpy4zxL8,npp69.png,1
https://uvacommscience.eu.qualtrics.com/ControlPanel/Graphic.php?IM=IM_do0WPaurqVt0SmW,npp44.png,2
https://uvacommscience.eu.qualtrics.com/ControlPanel/Graphic.php?IM=IM_eWOc45OWiYz8nbw,npp58.png,2
https://uvacommscience.eu.qualtrics.com/ControlPanel/Graphic.php?IM=IM_eE5zhkfECLY61bU,npp25.png,2
https://uvacommscience.eu.qualtrics.com/ControlPanel/Graphic.php?IM=IM_eFZtlmwDD9b1rN4,npp29.png,2
https://uvacommscience.eu.qualtrics.com/ControlPanel/Graphic.php?IM=IM_9tzhp9qmsncGFwy,nps58.png,2
https://uvacommscience.eu.qualtrics.com/ControlPanel/Graphic.php?IM=IM_6PZxm0h5SV6HeJg,nps60.png,2
https://uvacommscience.eu.qualtrics.com/ControlPanel/Graphic.php?IM=IM_8dcmHjniKdKnZBA,npp68.png,2
https://uvacommscience.eu.qualtrics.com/ControlPanel/Graphic.php?IM=IM_838tzsFW3tZ7k0e,nps39.png,2
https://uvacommscience.eu.qualtrics.com/ControlPanel/Graphic.php?IM=IM_bJwewzXqa0V2Ylg,npp17.png,2
https://uvacommscience.eu.qualtrics.com/ControlPanel/Graphic.php?IM=IM_81XokcgZg1pahWC,npp20.png,2
https://uvacommscience.eu.qualtrics.com/ControlPanel/Graphic.php?IM=IM_6f0cxP4YXgXuaH4,nps36.png,2
https://uvacommscience.eu.qualtrics.com/ControlPanel/Graphic.php?IM=IM_cOMKVMAjyMoX7KK,npp66.png,2
https://uvacommscience.eu.qualtrics.com/ControlPanel/Graphic.php?IM=IM_3ryYM0O9FetMLVY,nps57.png,2
https://uvacommscience.eu.qualtrics.com/ControlPanel/Graphic.php?IM=IM_e4gV15E757tKcQe,npp5.png,2
https://uvacommscience.eu.qualtrics.com/ControlPanel/Graphic.php?IM=IM_4OV4rG8thbZBaom,nps12.png,2
https://uvacommscience.eu.qualtrics.com/ControlPanel/Graphic.php?IM=IM_01CcbWVicSZpo5E,ps51.png,
https://uvacommscience.eu.qualtrics.com/ControlPanel/Graphic.php?IM=IM_bg8siZqY7Oy8u90,pp18.png,
https://uvacommscience.eu.qualtrics.com/ControlPanel/Graphic.php?IM=IM_extxxlsNxOyb2Mm,as56.png,
https://uvacommscience.eu.qualtrics.com/ControlPanel/Graphic.php?IM=IM_a8Je06MCqLJxzgO,ps28.png,
https://uvacommscience.eu.qualtrics.com/ControlPanel/Graphic.php?IM=IM_8r0mBfqMY4HXPVk,pp14.png,
https://uvacommscience.eu.qualtrics.com/ControlPanel/Graphic.php?IM=IM_9oAVLcc0JIhtBeC,ap23.png,
https://uvacommscience.eu.qualtrics.com/ControlPanel/Graphic.php?IM=IM_1CdOgCNmAvLOXLU,pp26.png,
https://uvacommscience.eu.qualtrics.com/ControlPanel/Graphic.php?IM=IM_78I9I7y23rD25Om,ap9.png,
https://uvacommscience.eu.qualtrics.com/ControlPanel/Graphic.php?IM=IM_8xmpoiXkvqPYqs6,pp40.png,
https://uvacommscience.eu.qualtrics.com/ControlPanel/Graphic.php?IM=IM_571m3HGa2htxarY,pp23.png,
https://uvacommscience.eu.qualtrics.com/ControlPanel/Graphic.php?IM=IM_56ZQ29br6tZ40ZM,pp57.png,
https://uvacommscience.eu.qualtrics.com/ControlPanel/Graphic.php?IM=IM_3aX9ton5bltIWgK,as52.png,
https://uvacommscience.eu.qualtrics.com/ControlPanel/Graphic.php?IM=IM_2sOZJf7z2OalJeS,ps19.png,
https://uvacommscience.eu.qualtrics.com/ControlPanel/Graphic.php?IM=IM_9ACQy9EgZI3WV02,as45.png,
https://uvacommscience.eu.qualtrics.com/ControlPanel/Graphic.php?IM=IM_a2UMoAfj7I9DSJM,ps16.png,
https://uvacommscience.eu.qualtrics.com/ControlPanel/Graphic.php?IM=IM_4OXHwbp6npHx4jk,as44.png,
https://uvacommscience.eu.qualtrics.com/ControlPanel/Graphic.php?IM=IM_dojvBVG731Tyyx0,ap39.png,
https://uvacommscience.eu.qualtrics.com/ControlPanel/Graphic.php?IM=IM_a9l4K1FUovyBYoK,ap34.png,
https://uvacommscience.eu.qualtrics.com/ControlPanel/Graphic.php?IM=IM_8etvIfR0Cj4L48u,as46.png,
https://uvacommscience.eu.qualtrics.com/ControlPanel/Graphic.php?IM=IM_0Ap69HYEqhwmpca,pp53.png,
https://uvacommscience.eu.qualtrics.com/ControlPanel/Graphic.php?IM=IM_eKI2oX8wuO2NqAe,as6.png,
https://uvacommscience.eu.qualtrics.com/ControlPanel/Graphic.php?IM=IM_8e1anjXcndIVgQm,as11.png,
https://uvacommscience.eu.qualtrics.com/ControlPanel/Graphic.php?IM=IM_e8t3RF1GQ87bHKu,ap46.png,
https://uvacommscience.eu.qualtrics.com/ControlPanel/Graphic.php?IM=IM_39vqKXpIREtghpA,ap67.png,
https://uvacommscience.eu.qualtrics.com/ControlPanel/Graphic.php?IM=IM_4Jf76rTdm5KYEJw,ps47.png,
https://uvacommscience.eu.qualtrics.com/ControlPanel/Graphic.php?IM=IM_2leei9okpHl4ET4,ap4.png,
https://uvacommscience.eu.qualtrics.com/ControlPanel/Graphic.php?IM=IM_brrM3R0B9ZCmZpQ,ps29.png,
https://uvacommscience.eu.qualtrics.com/ControlPanel/Graphic.php?IM=IM_b7x7NSb9P6qBM5o,pp13.png,
https://uvacommscience.eu.qualtrics.com/ControlPanel/Graphic.php?IM=IM_40WbM4EwXKszgBE,ap87.png,
https://uvacommscience.eu.qualtrics.com/ControlPanel/Graphic.php?IM=IM_8doNk4Vxribax4G,ps58.png,
https://uvacommscience.eu.qualtrics.com/ControlPanel/Graphic.php?IM=IM_6lCMKDPahNKLoJU,pp60.png,
https://uvacommscience.eu.qualtrics.com/ControlPanel/Graphic.php?IM=IM_eWCdZjUT7SA0mF0,ap50.png,
https://uvacommscience.eu.qualtrics.com/ControlPanel/Graphic.php?IM=IM_4JFEO4hK4NZrb8i,ap73.png,
https://uvacommscience.eu.qualtrics.com/ControlPanel/Graphic.php?IM=IM_eM8dADu4Oz267si,pp17.png,
https://uvacommscience.eu.qualtrics.com/ControlPanel/Graphic.php?IM=IM_6sSC6YjsfrZ48IK,ap71.png,
https://uvacommscience.eu.qualtrics.com/ControlPanel/Graphic.php?IM=IM_0uM54QBuseh4t1A,as25.png,
https://uvacommscience.eu.qualtrics.com/ControlPanel/Graphic.php?IM=IM_4Jcu26os46sZ6R0,ps7.png,
https://uvacommscience.eu.qualtrics.com/ControlPanel/Graphic.php?IM=IM_4TrUbKF0ncwfmom,ps49.png,
https://uvacommscience.eu.qualtrics.com/ControlPanel/Graphic.php?IM=IM_6x1QowYEQA5c6mG,pp39.png,
https://uvacommscience.eu.qualtrics.com/ControlPanel/Graphic.php?IM=IM_3L4aoSm0SHsOG4m,pp12.png,
https://uvacommscience.eu.qualtrics.com/ControlPanel/Graphic.php?IM=IM_9prI5JOizYsoi22,pp15.png,
https://uvacommscience.eu.qualtrics.com/ControlPanel/Graphic.php?IM=IM_81usaHGZNiowgMC,ps25.png,
https://uvacommscience.eu.qualtrics.com/ControlPanel/Graphic.php?IM=IM_9uePyinnwRDpwFg,ps14.png,
https://uvacommscience.eu.qualtrics.com/ControlPanel/Graphic.php?IM=IM_a3lobRo94lxk4aW,pp28.png,
https://uvacommscience.eu.qualtrics.com/ControlPanel/Graphic.php?IM=IM_dg0wBROIcXYuoC2,as47.png,
https://uvacommscience.eu.qualtrics.com/ControlPanel/Graphic.php?IM=IM_3pYUzPpLTz0JMAm,ap19.png,
https://uvacommscience.eu.qualtrics.com/ControlPanel/Graphic.php?IM=IM_56DBSCUR193TgMe,as43.png,
https://uvacommscience.eu.qualtrics.com/ControlPanel/Graphic.php?IM=IM_2re15VHKMghAdRc,pp27.png,
https://uvacommscience.eu.qualtrics.com/ControlPanel/Graphic.php?IM=IM_ctZ8zHDXpreHwQ6,as58.png,
https://uvacommscience.eu.qualtrics.com/ControlPanel/Graphic.php?IM=IM_dnZb2hiLgPWUsLQ,as10.png,
https://uvacommscience.eu.qualtrics.com/ControlPanel/Graphic.php?IM=IM_eRRTywfutcx5gSa,as8.png,
https://uvacommscience.eu.qualtrics.com/ControlPanel/Graphic.php?IM=IM_5bFK3qkmYNQ63NI,pp54.png,
https://uvacommscience.eu.qualtrics.com/ControlPanel/Graphic.php?IM=IM_eyXzhHsZQsAF6B0,as23.png,
https://uvacommscience.eu.qualtrics.com/ControlPanel/Graphic.php?IM=IM_2aFFCU7UQhoOl3E,pp51.png,
https://uvacommscience.eu.qualtrics.com/ControlPanel/Graphic.php?IM=IM_4HCrigjDHluOATQ,ap53.png,
https://uvacommscience.eu.qualtrics.com/ControlPanel/Graphic.php?IM=IM_3Emo1hU044oNUns,as22.png,
https://uvacommscience.eu.qualtrics.com/ControlPanel/Graphic.php?IM=IM_3CWSwKC6nugeCoe,as18.png,
https://uvacommscience.eu.qualtrics.com/ControlPanel/Graphic.php?IM=IM_2snfMvxuv0ZjK5w,as28.png,
https://uvacommscience.eu.qualtrics.com/ControlPanel/Graphic.php?IM=IM_cMRQzyK7xlTc7vU,ap83.png,
https://uvacommscience.eu.qualtrics.com/ControlPanel/Graphic.php?IM=IM_aa4bKc7sdruIm1g,ap32.png,
https://uvacommscience.eu.qualtrics.com/ControlPanel/Graphic.php?IM=IM_40iRAxbhQbxR3uK,ps52.png,
https://uvacommscience.eu.qualtrics.com/ControlPanel/Graphic.php?IM=IM_b8EupEl6w4TTLW6,pp42.png,
https://uvacommscience.eu.qualtrics.com/ControlPanel/Graphic.php?IM=IM_0NBMAsMGIhA4xXU,ps22.png,
https://uvacommscience.eu.qualtrics.com/ControlPanel/Graphic.php?IM=IM_eFB9SiBBEV3LNd4,ps42.png,
https://uvacommscience.eu.qualtrics.com/ControlPanel/Graphic.php?IM=IM_dd6oUCTXJNzZRGu,ps33.png,
https://uvacommscience.eu.qualtrics.com/ControlPanel/Graphic.php?IM=IM_eo21UfwLCd4ZKn4,ap54.png,
https://uvacommscience.eu.qualtrics.com/ControlPanel/Graphic.php?IM=IM_eExgETEaJOzE2JE,ps20.png,
https://uvacommscience.eu.qualtrics.com/ControlPanel/Graphic.php?IM=IM_bIx4vtfF06qVXv0,pp24.png,
https://uvacommscience.eu.qualtrics.com/ControlPanel/Graphic.php?IM=IM_enyclRIU87gNSvk,ap16.png,
https://uvacommscience.eu.qualtrics.com/ControlPanel/Graphic.php?IM=IM_5mW8G9x7ih4I5hk,as14.png,
https://uvacommscience.eu.qualtrics.com/ControlPanel/Graphic.php?IM=IM_eVVwb0nNTqfhNfU,ap69.png,
https://uvacommscience.eu.qualtrics.com/ControlPanel/Graphic.php?IM=IM_8idHpTITPvSaEZM,ps35.png,
https://uvacommscience.eu.qualtrics.com/ControlPanel/Graphic.php?IM=IM_9tRkwEQ6ynurPDw,ap82.png,
https://uvacommscience.eu.qualtrics.com/ControlPanel/Graphic.php?IM=IM_ba8ozvKMwPdtQYC,ps57.png,
https://uvacommscience.eu.qualtrics.com/ControlPanel/Graphic.php?IM=IM_cGstoBrjAwhUmVg,as16.png,
https://uvacommscience.eu.qualtrics.com/ControlPanel/Graphic.php?IM=IM_7WdAm0WiFBwRGe2,ps21.png,